nome,cidade_e_estado,contribuicoes,nota,titulo,em_companhia_de,review,imagens,nota_custo,nota_atendimento,nota_comida,nota_ambiente,is_parceria_patrocinada,data_postagem,title_len,review_len,day_of_month,is_weekday,day_of_week,month,year,pca_1,pca_2
Laila Sá,"Barueri, SP",41,1,Aniversário de casamento arruinado pelo péssimo atendimento e ambiente.,Casal,"Fomos ao restaurante para comemorar nosso aniversário de casamento, fiz a reserva para as 20:30 no restaurante, além da reserva para o bar do Vaticano pois queríamos ver Tony Gordon cantar e comemorar. Chegamos no restaurante às 20:38 e haviam passado nossa mesa para quem estava na fila de espera, ok, sem problemas. Tomamos um drink e esperamos pela mesa. Nesse meio tempo o gerente que é francês veio conversar conosco, quer dizer, com meu marido que é holandês pois ele me ignorou totalmente sendo extremamente rude, mal educado, falando alto sobre futebol holandês como se fosse um velho amigo (meu marido nem gosta de futebol). Depois da conversa meu próprio marido se sentiu desconfortável e me pediu desculpas pela situação que o gerente criou.
									Nos colocaram numa mesa no salão onde estava acontecendo um evento de nutrição “amor em nutrir” a nossa mesa era a única que não participava do evento neste salão. Durante nosso jantar tivemos que ouvir conversas e gargalhadas altas do grupo, além da movimentação entre as mesas das organizadoras e dos participantes. Foi tudo realmente desagradável. No final do jantar quando pedimos a conta um dos responsáveis pelo salão nos disse que a empresa do evento estava se oferecendo a pagar a nossa conta devido aos distúrbios causados. Não aceitamos o pagamento da nossa conta. Nosso aniversário de um ano foi um desastre. Desistimos do show do Tony Gordon e voltamos para casa. Me arrependi de ter sugerido o restaurante para meu marido e no final ainda discutimos. Arruinaram nosso jantar, nossa noite, nosso show e nosso aniversário.",0,,,,,False,2025-12-29,71,1595,29,True,monday,december,2025,-268.2237,1174.0182
Antônio A,"Rio de Janeiro, RJ",2,3,Lugar agradável mas nada excepcional.,Amigos,"Ambiente ok. Freitas atencioso e atento. No mais, o treinamento poderia ser melhor. Pratos deliciosos. Supera a falha no serviço.",0,,,,,False,2025-10-18,37,129,18,False,saturday,october,2025,-432.04153,-283.55258
Millena_Amaral,"Recife, PE",541,5,Excelente restaurante do chef Jacquin,Família,"Excelente restaurante do chef Jacquin, da entrada à sobremesa, adorei todos os pratos, ambiente lindo decorado com limão siciliano e tons de vermelho. Ainda tive a sorte de encontrar o chef nesse dia.",3,,,,,False,2025-09-20,37,200,20,False,saturday,september,2025,111.05174,-258.76813
Carlos S,"São Roque, SP",22,5,Excelente local.,Família,"O restaurante tem uma decoração muito bonita.
									O atendimento é excelente, a comida é fantástica.
									Todos foram muito atenciosos, com destaque para o Freitas.
									O cardápio executivo é excelente com opções muito boas. A comida supera a expectativa.",0,5.0,5.0,5.0,5.0,False,2025-09-18,16,268,18,True,thursday,september,2025,-400.28323,-146.9892
Claudia T,"Recife, PE",140,5,Ótima experiência,Família,"ambiente agradável e bem decorado, comida muito gostosa e atendimento nota 10. Levamos um casal de jovens e quando o chef Érick Jacquin entrou no restaurante eles ficaram loucos pois são fãs do mesmo. O memso é uma simpatia em pessoa e eles ficaram encantados.",0,,,,,False,2025-09-16,17,260,16,True,tuesday,september,2025,-283.38623,-164.98943
Larissa F,"Recife, PE",916,5,Entrega o que promete !,Amigos,"Um jantar de amigas, terminando no Vaticano bar no subsolo, nesse dia tinha jazz
									Muito sabor em todos os pratos… amamos tudo como sempre não poderia faltar a sobremesa né ?",13,,,,,False,2025-08-29,23,181,29,True,friday,august,2025,483.07025,-309.8285
Lorena R,,1,4,Gastronomia maravilhosa,Família,"Experiência maravilhosa, comida deliciosa.
									O garçom Andrei muito atencioso e gentil.
									Irei retornar com toda certeza.
									Chef Jacquin maravilhoso",1,3.0,4.0,5.0,4.0,False,2025-08-29,23,168,29,True,friday,august,2025,-429.73047,-244.79285
MirisPoit,"Cuiabá, MT",25,5,Perfeito!!!!! Uma maravilhosa surpresa!,Solo,"Simplesmente: UAU!!!!
									Fui muito bem atendida pelo Andrei, que me deu uma super atenção, explicou os pratos e deu indicações precisas. O prato principal foi uma das melhores pastas que já comi em SP. A sobremesa não ficou atrás. O custo benefício foi sem sombra de dúvida uma grata surpresa! A casa, equipe e cozinha estão de parabéns!",2,,,,,False,2025-08-28,39,343,28,True,thursday,august,2025,-390.8862,-72.31937
Letícia T,,17,5,Ótimo custo benefício,Casal,"Eu amei! Desde a entrada, couvert, até o prato principal. Eu comi polvo e meu marido escolheu um prato com frango, ambos deliciosos. Optamos pelo vinho indicação do chef, e foi uma grata surpresa! A conta com entrada, couvert para 2, 2 pratos e vinho ficou 780,00.",2,,,,,False,2025-07-26,21,264,26,False,saturday,july,2025,-405.59946,-150.52005
Larissa C,"Juiz de Fora, MG",47,1,Experiência negativa com a reserva.,Família,"Fiz reserva quase 1 mês antes, para uma quinta à noite. Quando chegamos ao restaurante esperamos por 1h e depois disso a recepcionista nos informou que haviam muitas reservas neste dia e acabaram não dando conta. Fomos embora.
									Não esperava passar por isso num restaurante como esse. Lamentável.",0,,,,,False,2025-06-15,35,303,15,False,sunday,june,2025,-372.3748,-114.044
Patynarchi,,50,4,Italiano francês,Família,"Gostamos muito do restaurante, ponto alto para a decoração. Um mix de cores e estilos. Fui comemorar meu aniversário com minha família. Tivemos um contratempo com o garçom esquecendo de anotar o prato de meu Marido, mesmo ele perguntando pro garçom se ele checou se havia tomado nota de todos, pois estávamos em 12 pessoas. Conclusão : chegou o prato de todos, menos de meu marido… os pratos permaneceram cobertos por 15 min, no aguardo deles prepararem as pressas o prato que faltava. Assisto aos programas do Jacquin e vejo o quanto ele cobra que todos os pratos cheguem juntos à mesa, mas pelo jeito,no próprio restaurante isso também acontece. Meu prato deu uma leve esfriada e endureceu um pouco a pasta.. ou seja, minha primeira experiência lá não foi nota 10, muito chato o que rolou, mas quem sabe na próxima teremos mais sorte.",1,,,,,False,2025-06-13,16,836,13,True,friday,june,2025,-323.96423,416.546
Leonara O,"Itapetinga, BA",21,5,LVTETIA RESTAURANTE DO JACQUIN QUE SURPREENDE POSITIVAMENTE,Amigos,"Comida perfeita e preço justo. Fui a este restaurante do Jacquin com certa resistência, pois tive uma experiência horrível no Les Présidents e no Steak Bife. Contudo o LVtetia, me ganhou, com uma comida simples mas saborosa e com uma harmonização que aguça o paladar. Vale a pena ir ao LVtetia, pois tem comida boa, preço justo e Evandro que é um garçom bem humorada e atencioso.",6,,,,,False,2025-04-14,59,379,14,True,monday,april,2025,-391.77542,-35.877224
Adriana H,"Porto Alegre, RS",229,5,Imperdível,Família,"Restaurante italiano do chef Erik Jacquin, pedimos o menu executivo harmonizado. Maravilhoso, pratos com tempero suave e marcante. Sobremesa deliciosa. Atendimento muito bom. Lugar muito bonito.",0,4.0,5.0,5.0,5.0,False,2025-04-07,10,194,7,True,monday,april,2025,-200.33795,-238.38693
cidsaopaulo,"São Paulo, SP",984,5,Boa pedida,Casal,"Fui de executivo e saí muito satisfeito. Porções satisfatórias, comida muito boa. Só o garçom destoou, pouco simpático,  não deu um sorriso sequer o almoço inteiro, mas fora isso atendeu bem.",1,,,,,False,2024-10-27,10,191,27,False,sunday,october,2024,551.6491,-305.77634
glau29,"Campinas, SP",71,3,Comida saborosa mas atendimento demorado,Casal,"Comida saborosa mas o atendimento é bem demorado.
									Pedimos o menu executivo no horário de almoço do sábado.
									A entrada demorou mais de 30 minutos pra chegar. Degustei a beringela. Estava uma delícia!
									Depois da entrada, os pratos levaram mais uns 20 minutos. Muito gostosos também.
									Mas o que incomodou foi a demora.
									No demais, os pratos são bem saborosos e o valor não é tão elevado para um restaurante desse tipo.",0,,,,,False,2024-08-16,40,456,16,True,friday,august,2024,-335.4186,36.392365
Ada Freitas,,2,1,Atendimento desrespeitoso,Negócios,"Comida maravilhosa com um atendimento péssimo.
									Um garçom extremamente grosseiro e despreparado, o que fez com que a nossa experiência fosse super desagradável.
									O garçom Alexandre foi rude, gerou um desconforto enorme em nosso almoço e ainda falou alto para todos da mesa ouvirem, expondo uma colega nossa. Foi algo tão inadequado e desagradável que todos ficamos sem reação naquele momento.
									Espero que alguma ação seja tomada, porque de nada adianta ter pratos deliciosos se os clientes são constrangidos durante o serviço.",0,4.0,1.0,4.0,4.0,False,2024-07-20,25,550,20,False,saturday,july,2024,-396.17145,135.76376
Ovadia S,,32,5,Muito charme e glamour,Amigos,"Lugar dos mais bonitos com um bar/ club noturno no andar inferior, o Bar Vaticano/ Cozinha Franco italiana assinada por Erick Jacquin ( fica ao lado do fenômeno President)",10,2.0,5.0,4.0,5.0,False,2024-04-26,22,171,26,True,friday,april,2024,-398.5706,-244.4593
Haroldo Falcao,"Rio de Janeiro, RJ",75,4,Carioca em SP,Amigos,"Excelentes pratos, ambiente muito interessante.
									Valeu o investimento para uma reunião de amigos. Bom atendimento... Um choque para o carioca que vão para SP e encontra um restaurante bom em cada esquina",0,,,,,False,2024-04-20,13,211,20,False,saturday,april,2024,-352.3311,-208.32823
RAISA L,,1,3,Restaurante ok,Amigos,"Pedi o menu com harmonização, comida gostosa (não a melhor que já comi), bons vinhos. Mas o restaurante é totalmente despreparado para atender pais com crianças pequenas (tudo bem não ser um restaurante para crianças, mas não tem o mínimo de estrutura), nem trocador, nem cadeirinha, que são coisas simples. Metade da equipe simpática, metade não. O Jacquin estava no restaurante, não muito bem humorado, mas aceitou tirar foto.",0,3.0,3.0,3.0,5.0,False,2024-04-01,14,428,1,True,monday,april,2024,-407.55704,14.245113
andremellao,"São Paulo, SP",49,1,Intoxicação alimentar,Amigos,"minha esposa comeu um salmão com risoto de alcachofra e minha amiga um saltimbocca, ambas tiveram intoxicação alimentar,  uma vergonha e o próprio Jacquin estava na cozinha esse dia, na saída até tirei foto com ele",0,2.0,4.0,1.0,4.0,False,2024-03-29,21,214,29,True,friday,march,2024,-377.98523,-203.07187
Liviaalima,"Macaé, RJ",44,3,Encantadora decoração mas infelizmente risoto cru e carne no ponto errado !,Casal,"O risoto de coelho com ragu muito bem feito mas o ponto do risoto muito cru. Não é que estava ao dente realmente estava cru com o meio com pedrinha . O medalhão bem alto uns 4 dedos mas pedimos ao ponto e veio mal passado com
									Miolo frio. A sobremesa mascarpone com chocolate só veio o mascapone . Uma taça  com aproximadamente 150 ml
									De mascarpone e 20 ml de chocolate . Queria dizer algo diferente mas não voltaremos !",2,,,,,False,2024-03-26,75,437,26,True,tuesday,march,2024,-363.92126,20.073292
MaluAndrade81,"Porto Alegre, RS",125,5,Vista em família e amigos,Amigos,"Ótima experiência. Certamente o serviço do garçom Carlos fez a diferença no nosso jantar, atendimento sensacional! Pegamos menu surpresa e foi maravilhoso!",0,,,,,False,2024-03-23,25,155,23,False,saturday,march,2024,-307.28073,-268.27756
carlos oliveira,,10,2,Não respeitam o ponto da carne pedido,Casal,"Lugar ""legalzinho"", pra tirar foto como um dos duzentos que ele abriu na cidade.
									Porém quando você pede uma carne bem passada (mesmo que seja do executivo) e ela vem quase crua, com o centro frio, tão mole que a faca (de manteiga que deram) nem corta, é inacreditável e inviável para uma segunda visita. Mas quem sabe consigo evitar algumas primeiras visitas com esse relato.
									Pedir pra voltar? Não. Pela pompa e valor, tem que vir certo de primeira. E pelo grau dos funcionários... preferi deixar a comida no prato mesmo.",0,,,,,False,2024-03-14,37,539,14,True,thursday,march,2024,-389.12177,124.25836
viajopracomerbem,"Belo Horizonte, MG",760,5,Jacquin se superou no italiano,Família,"Restaurante agradabilíssimo por sua arquitetura e mobiliário. Apresenta um agradável menu executivo e um preço justo. Carta de vinhos e agradável com número de vinhos suficiente e ideal para uma harmonização bem realizada. A comida é primorosamente servida, com pequeno tempo de espera!
									Preço do almoço e também da carta de vinhos é justo!
									Comi uma deliciosa porqueta e recomendo demais.",5,,,,,False,2024-02-04,30,405,4,False,sunday,february,2024,346.73703,-73.22285
mauro g,,1,4,Bom mais denorado,Família,"Muito bom, porém muito demorado , levitando em conta que era um menu executivo.  Levamos 2 horas e meia. Os pratos estavam bons.",0,,,,,False,2024-01-28,17,128,28,False,sunday,january,2024,-433.1382,-284.70407
Vera Mundie,"São Paulo, SP",356,2,"Não voltaremos, muito ruim!",Amigos,"O lugar é um espaço - modelo “ um longo corredor” e na entrada deste corredor, fica acumulado entrada e saída dos clientes e no mesmo lugar, fica a bancada de bebidas, arrumação dos pratos, e a saída da cozinha. Uma confusão! Para os garçons chegarem até o fundo, eles correm dentro do ambiente para dar conta do - ir e vir - mais rápido, horrível. Atendimento nota zero, uma água levou uma hora para trazerem; pedimos o executivo do domingo ( degustação com vinhos inclusos) para ser mais rápido, não deu certo e a comida fraca. Uma mini entrada de salmão sem frescor algum, e o prato principal, igualmente. Não curtimos, saímos muito irritados por esta péssima experiência.",2,,,,,False,2024-01-16,27,675,16,True,tuesday,january,2024,-32.792717,230.16048
Karla T,"Campinas, SP",913,5,Lugar lindo e comida maravilhosa!,Amigos,"Maravilhoso! Linda Decoração!.Pedimos executivo e foi uma grata surpresa, sabor não faltou...tudo estava perfeito. Atendimento muito gentil, serviço de manobrista e a companhia fizeram um almoço perfeito!",9,,,,,False,2024-01-14,33,204,14,False,sunday,january,2024,482.0508,-286.52417
Laurent B,"São Paulo, SP",1,2,Falta de atenção,Casal,"Comida boa, mas atendimento deixa muito a desejar. Talvez o problema seja a liderança. Um francês bem simpático mas que ficou muito preocupado em degustar com um casal de amigos e não prestou atenção no serviço da equipe. Acho que chamamos os garçons pelo menos 10 vezes. Uma pena. Quando levar um bom vinho peçam para trocar a taça pois nem isso fizeram.",0,2.0,1.0,4.0,3.0,False,2023-12-15,16,355,15,True,friday,december,2023,-413.78848,-58.49627
RCHW,"São Paulo, SP",32,3,Não me surpreendeu!,Amigos,"Estive ontem com amigas. O serviço precisa melhorar. O serviço é cortês, mas falta agilidade e treinamento. Precisávamos ficar chamando o garçom. Tive que pedir gelo 3x. Minhas amigas compartilharam o cardápio, pois não se atentaram que uma amiga chegou 15 minutos depois. O suco de tangerina é de garrafa e ninguém avisou! Depois questionei e eles disseram que não trabalham com sucos naturais. Uma pena! O segundo prato demorou muito para chegar e quase desistimos de esperar. Entre um prato e outro foram uns 20 minutos. A comida não é ruim, mas não me encantou e não fiquei com aquela vontade de voltar. A música é meio alta. A decoração achei um pouco kitsch.",0,,,,,False,2023-11-17,19,664,17,True,friday,november,2023,-356.5613,246.743
Nubia_Souza,,11,2,Ruim,Amigos,"No dia 14/11 me reuni com alguns amigos e fui ao Lvtetia para jantarmos, ao chegarmos fomos super bem recebidos e impressionados com a beleza do local, porem o ar nao estava funcionando e pedimos p trocar de mesa, apos a troca, o negocio descambou, muita demora no atendimento e os garços meio irritados quando a gente chamada, chegando a chamar com ironia, o pior ocorreu com minha amiga que é bariatrica e nao conseguiu comer o seu prato, entao ela chamou  e pediu p levar, e o gerente frances foi super mal educado e irritado, alegando que nao podia nesse caso, ela pediu p pagar metade do valor, e deu as costas dizendo que ia ver o que ia fazer sendo que e lei. Enfim decepcionada.",0,2.0,1.0,3.0,5.0,False,2023-11-15,4,686,15,True,wednesday,november,2023,-375.6198,270.31058
Mario Augusto M,,1,2,Review,Amigos,"Fomos num grupo de 9 pessoas para almoçar, e chegando lá, pedi pra trocar a cadeira que estava em mas condições, mas falaram que não iam trocar, depois pedimos pratos de apoio e demoraram pra levar. Os couvers foram levando sem solicitarmos e depois foi cobrado mais couvers do que levaram. Não gostamos da recepção e depois mesmo não tendo feito um serviço agradável nos colocaram uma taxa em cima de 13% . Não recomendo.",0,4.0,1.0,5.0,5.0,False,2023-09-21,6,422,21,True,thursday,september,2023,-408.08792,8.135821
Viviane V,,1,1,Atendimento Péssimo,Casal,"Hoje eu e meu marido tivemos uma  péssima experiência indo ao Lvtetia  onde fomos praticamente ignorados pelos garçons e gerência. Fiquei alguns minutos fazendo sinais aos poucos garçons que lá estavam para pedir nossas bebidas e depois de algum tempo resolveram nos atender. Aproveitamos e já pedimos o couvert e até mesmo os pratos principais porquê já notamos o despreparo do ambiente. Para nossa maior indignação depois de mais um longo tempo percebemos que o couvert poderia vir junto com a refeição e acabamos cancelando. O garçom não quis saber o motivo do cancelamento , simplesmente sumiu novamente e nosso prato principal também nunca chegava, o que nos fez também desistir dele e ir embora sem almoçar.",0,3.0,1.0,,2.0,False,2023-09-16,19,713,16,False,saturday,september,2023,-383.27393,298.20444
Lucas A Theodoro,"São Paulo, SP",31,5,Restaurante digno de um masterchef,Casal,"Bom ambiente, comida fresca e de ótima qualidade.
									Garçons atenciosos.
									O som ambiente também muito agradável.
									Comemos um saltimbuco de mignon estava um
									Ponto bom da carne e da massa",0,,,,,False,2023-09-15,34,216,15,True,friday,september,2023,-395.72998,-199.36964
Bárbara Lespinasse,"Ribeirão Preto, SP",8,2,Atendimento ruim e pratos sem graça,Amigos,"A casa estava vazia quando chegamos e mesmo assim ficamos muito tempo para sermos atendidos. Estávamos em 6 pessoas e nos colocaram numa mesa grande no fundo. Depois de esperar muito tempo fomos chamar o garçom, que avisou que o garçom da nossa área não tinha chegado ainda, então ele ia fazer o favor de nos atender.
									A gente chamava, levantava as mãos, bem constrangedor.
									De forma geral o atendimento é muito lento.
									Os pratos chegaram e a apresentação era bem sem graça. O gosto não tinha nada de mais. Eu esperava muito mais de um restaurante do Jacquin.
									Pedi um macarrão com um ragu de calabresa. Veio um macarrão com 3 fatias de calabresa em cima, muito aquém de um ragu.
									Já comi em restaurantes mais simples e muito melhores.
									Definitivamente esse restaurante passa longe de atender as expectativas .",0,,,,,False,2023-09-08,35,858,8,True,friday,september,2023,-363.92493,442.25482
Claudia A,,1,5,Abraão Peteira,Família,"O Abraão Pedreira, garçons do restaurante do Eric J.
									Faz a diferença no local. Atencioso. Preocupado com  a satisfação do cliente.
									Querido
									Senão fosse o Abraão eu não ficaria no local.",0,,,,,False,2023-08-19,14,211,19,False,saturday,august,2023,-426.06064,-202.00499
Cyla C,"Santo André, SP",62,5,Experiência gastronômica nota dez!,Família,Comida de excelente qualidade e atendimento maravilhoso.Um menu delicado e que permite escolhas variadas dentro da culinária italiana e francesa.Fomos atendidos pelo garçom Abraão que nos acompanhou durante toda nossa maravilhosa refeição.Da entrada ao café nota dez!!Com certeza voltaremos em breve.,0,,,,,False,2023-07-22,34,300,22,False,saturday,july,2023,-357.68793,-118.34731
Gloria M,,1,3,Som muito alto.,Amigos,"Lugar bem decorado ,boa comida ,porém com som ambiente altíssimo ,que chega a deixar o local desagradável de frequentar.Uma pena !",0,4.0,4.0,5.0,1.0,False,2023-07-21,15,130,21,True,friday,july,2023,-432.96906,-282.70337
PeterSorger,"São Paulo, SP",543,3,Precisa melhorar,Casal,"Casa e agradável e possui um
									menu interessante com refeições saborosas… mas o serviço e lento de demorado… custou muito em receber a conta",3,,,,,False,2023-07-21,16,147,21,True,friday,july,2023,108.51595,-311.94733
Livia M,,1,1,Péssimo atendimento no Lvtetia,Amigos,"No dia 10/07/23, fui ao restaurante Lvtetia que fica na Consolação em São Paulo para almoçar com uma amiga.
									Na oportunidade, pedimos o menu executivo. Nunca tinha ido ao local e fiquei extremamente desapontada com o atendimento. Quando sentamos na mesa, após uma longa espera de 40 minutos, nenhum garçom veio trazer o cardápio. Muito pelo contrário. Eles evitavam olhar para gente para, assim, não o chamarmos. Depois de muita insistência, um garçom finalmente nos atendeu e trouxe o menu.
									A entrada, de fato, veio rápido. Contudo, o prato principal e a sobremesa levaram uma eternidade pra chegar. Reclamamos inúmeras vezes com os garçons e eles nada fizeram. Além de estarmos com fome, tínhamos horário e não podíamos esperar horas entre os intervalos dos pratos.
									Por fim, hoje, ao entrar no Instagram do restaurante, descubro que, no menu executivo que pedimos, tinha incluído o couvert. Ocorre que ninguém nos ofereceu, ninguém nos explicou absolutamente nada. O restaurante é realmente muito caro para o atendimento que tivemos. Atendimento esse que eles cobram 13% pelo serviço. É uma desrespeito absurdo com o consumidor. Só recomendo vocês irem ao local se quiserem ser mal atendidos.",1,1.0,1.0,3.0,,False,2023-07-11,30,1220,11,True,tuesday,july,2023,-340.04965,803.4564
Marcelo Petroni,,6,2,Atendimento lento e padrão minimo abaixo,Família,Atendimento lento. Pedi uma taça de vinho e veio menos de 90 ml (conforme foto anex). Alegaram que é o padrão da casa. Muito abaixo do padrao de restaurantes de alto nivel em sp. Que gira em torno de 150 a 180 ml. Pratos pequenos. Portanto não vão com fome. Boa qualidade na harmonização. Não voltaria. Muitos restaurantes com melhor atendimento e quantidade mínima padrão.,1,1.0,1.0,3.0,,False,2023-06-22,40,373,22,True,thursday,june,2023,-407.25888,-40.77964
Deodora bertoloti,"Rio das Ostras, RJ",5,5,Só elogios,Negócios,"Almoço perfeito,com ressalva para o atendimento detalhado e o carinho do Chef. O bar do Vaticano é um imenso diferencial de uma casa que oferece alta gastronomia. Drinks perfeitamente executados e boa música. Só elogios.",0,5.0,5.0,5.0,,False,2023-06-06,10,220,6,True,tuesday,june,2023,-421.30463,-193.3837
SergioBMenezes,"Barretos, SP",113,5,Combinação perfeita de fatores!,Amigos,"Tudo perfeito no Lvtetia (Lutécia) desde a chegada à partida. Excelente acolhimento pelo Yann, Gerente da casa, a simpatia do Chef Érick Jacquin, o serviço hiper atento, a comida e o bar Vaticano no subsolo, que traz só feras pra se apresentarem lá. Tudo perfeito. Fui com um casal de amigos, que também adoraram a experiência, pois superou as melhores expectativas dele. Ontem, indiquei o restaurante a clientes e eles hoje me agradeceram pela excelência de comida, serviços e ambiente que são a combinação perfeita para uma avaliação 100% perfeita, e, novamente elogiaram a atenção do Gerente da casa, Yann.",9,,,,,False,2023-05-19,31,609,19,True,friday,may,2023,-280.5224,185.13776
Amanda M,"Caxias Do Sul, RS",233,5,Expectativas atingidas com sucesso!,Amigos,"Fantástico! Já tinha uma expectativa alta, mas mesmo assim, superou minhas expectativas.  Fomos sem reserva antecipada e escolhemos o  Menu Executivo e estava divino, desde o antipasti até a sobremesa. Pela comida e serviço prestado achamos o valor super em conta! Com certeza, indo a São Paulo, voltarei ao restaurante!",0,5.0,5.0,5.0,,False,2023-05-16,35,320,16,True,tuesday,may,2023,-185.60402,-112.97226
Carolina,,231,4,Gostoso,Amigos,"O restaurante é muito bonito, os garçons atenciosos e a comida gostosa. Espera mais sabor da comida, pedi o menu executivo, eu como pouco para mim foi suficiente, mas acredito que a porção seja pequena. Tudo gostoso mas muito normal.",0,,,,,False,2023-05-08,7,233,8,True,monday,may,2023,-195.01779,-199.72073
Cupcake L,"São Paulo, SP",263,5,Divino,Amigos,"Superou minhas expectativas,  que há eram altas.
									Atendimento maravilhoso e a comida mais que perfeita.
									Ravioli de gema estava divino.
									Preço bom, lugar super aconchegante, e agradável.",8,5.0,5.0,5.0,,False,2023-05-08,6,210,8,True,monday,may,2023,-165.08652,-225.38585
Isa Piza,"Bauru, SP",694,4,"Decoração Bonita, local agadável.",Casal,"Restaurante muito bonito, bem decorado e agradável. Atendentes simpáticos e rápidos.
									Couvert gostoso com pães quentinhos. Drinks pequenos na minha opinião, principalmente em relação ao preço. Pratos principais muito bem apresentados, mas esperava mais, gostosos, mas sem aquela explosão de sabor (Lasanha da Casa e Ravioli de espinafre). Sobremesas Tiramisu bom e Torta de maça com sorvete que senti falta de uma porção maior de sorvete (a porção era menor que uma colher de sobremesa) principalmente para garantir o contraste do quente da torta com o gelado. Valeu para conhecer.",0,2.0,4.0,3.0,,False,2023-04-04,33,589,4,True,tuesday,april,2023,296.6524,115.76087
Karen L,"Itaperuna, RJ",80,5,Vale muito a pena!!!,Amigos,"Primeiramente falar do atendimento: PERFEITO!
									Tanto do metrie quanto dos garçons! Todos muito bem alinhados , sabem detalhes de todos os pratos e atendem com muita rapidez e eficiência !
									A comida, um elogio a parte! Tudo muito perfeito, rápido e gostoso! A entrada de carpaccio estava divina!
									Enfim, não é barato, mas vale cada centavo gastado lá! Recomendo e volto com certeza",3,,,,,True,2023-03-15,20,404,15,True,wednesday,march,2023,-330.88626,-16.384703
Ana Georgina G,,91,4,Não é espetacular,Família,"Novo restaurante do chef Jaquin.Fomos numa sexta-feira e pedimos o menu executivo.Porções pequenas,mas saborosas.Nada de espetacular.Jaquin passa nas mesas de algumas pessoas conhecidas dele e mesas com mulheres.Oferece até limoncello.Estávamos em família e ele não passou na nossa mesa.Minha filha pediu para tirar uma foto,disse que viemos de Salvador.Ele tirou a foto conosco sem pronunciar uma palavra sequer.Coisas de celebridade…",0,,,,,False,2023-03-12,17,435,12,False,sunday,march,2023,-317.29056,13.541169
Ana G,"Santos, SP",123,2,Não voltaria!,Amigos,"Fui no Menu Executivo, peixe sem sabor nenhum, deixei  metade no prato. Quando deixamos a metade do prato principal, não temos vontade de voltar. Garçons atenciosos, ambiente bonito e maitre um tanto hostil, nos deu uma bronca porque fomos tirar foto no ambiente da Samotrácia e a porta de vidro já havia sido quebrado, não temos nada a ver com isso.  Que o restaurante mantenha essa porta trancada não é?",0,,,,,False,2023-02-26,13,405,26,False,sunday,february,2023,-287.97525,-19.153406
MiguelAGPaiva,"São Paulo, SP",4480,4,Para ocasiões especiais,Família,"Bonito e elegante restaurante, com toque de classe. Atendimento simpático, atencioso, e com muito paciência para explicar os pratos e se for necessário,  fazer algumas adaptações, de acordo com o gosto de cada cliente. Destaque para  o Stinco de vitela, muito saboroso, carne muito macia, com delicioso molho.  O polvo por ser  cozido  e não grelhado,  achei um pouco sem sabor. O medalhão de filet peça para vir num ponto mais passado, caso contrário pode vir um pouco cru no seu interior.  A massa ao molho vermelho estava ótima.  Ótima carta de vinhos, com muita variedade de qualidade e preço.  A rolha custa R$ 120,00 então talvez não compense levar, pois tem bons vinhos a R$ 180,00. Atenção, ao pedir entrada ou couvert, avise o garçom que somente após sua autorização deverão dar sequência no atendimento.  No nosso caso,  antes do término do que pedimos de entrada , tudo foi rapidamente retirado e imediatamente servido o prato principal.  Em seguida ficaram perguntando várias vezes sobre a sobremesa e depois o café, o que passou uma sensação de pressa em liberar a mesa.  O preço é compatível com a qualidade da casa. Possui serviço de valet e é acessível apenas na primeira metade do salão,  porque depois tem um degrau para acesso às demais mesas.",8,,,,,False,2023-01-19,23,1262,19,True,thursday,january,2023,4126.228,463.43863
AugustoDiniz,"São Luís, MA",4856,4,Conforto e boa comida,Família,"Mais um restaurante do brilhante chef Jacquin. Cozinha italiana, com uma linda e descolada ambientalistas além de muito confortável o restaurante tem uma equipe de atendimento muito boa e atenta. No cardápio muitas dúvidas, vontade de pedir tudo. Pedimos um Ravioli de Vitela é uma Lasanha tradicional. Tudo muito bom. Além de tudo o Lvtetia tem uma adega maravilhosa. Vale a visita e o retorno.",4,,,,,False,2022-12-19,21,395,19,True,monday,december,2022,4426.9565,-432.4037
Moacir S,"São Paulo, SP",105,3,"Atendimento médio, comida boa.",Amigos,"Estávamos em 2 casais, pedimos couvert e os mesmos foram retirados abruptamente, não entendemos e perguntamos o por que daquilo, e nos foi dito que os pratos estavam sendo servidos... Passaram-se mais de 10 minutos e nada dos pratos chegarem, informamos aos garçons e a uma pessoa que achamos que fosse o maitre o que tinha acontecido sobre o recolhimento totalmente inaceitável do couvert daquela forma e não tivemos nenhum retorno.  Esperamos  20 minutos depois  de retirarem o couvert tão apressadamente, até que os pratos fossem servidos. Resumo, comida boa, serviço a desejar. Foi realmente muito ruim a forma que retiraram o couvert, não houve um retorno sobre o fato apesar de termos reclamado. Pela primeira vez na vida, näo pagamos o serviço por não termos gostado dessa atitude e principalmente por não termos tido retorno algum sobre nossas reclamações. Na saída, demos boa noite os garçons que fingiram que éramos fantasmas sem nos responder. Decepcionante.",0,,,,,False,2022-12-09,30,969,9,True,friday,december,2022,-257.82092,544.52716
Renata P,"São Paulo, SP",382,4,"Achei bom, mas minha carne estava dura",Amigos,"Esperava um pouco mais da carne
									A minha veio dura e achei muito apimentada … a entrada estava muito boa e sobremesa tb estava",1,,,,,False,2022-12-03,38,134,3,False,saturday,december,2022,-52.986595,-310.90363
Raphael D.,"Juiz de Fora, MG",32,3,"Lindo o local, mas pouco acolhedor",Casal,"Local lindo! Atendimento não condizente com a proposta - ainda pouco acolhedores e o próprio perfil dos atendentes não combina. Comida cara, tempero e presença moderada e pouco servida. Sem comparação com La Tambouille.",0,,,,,False,2022-11-05,34,219,5,False,saturday,november,2022,-394.4729,-196.43053
Kelly P,"São Paulo, SP",84,5,Comer também com os olhos,Solo,"Fui para o almoço menu executivo. Uma delícia, tartar de salmão leve, perfumado, uma delícia. Prato principal fui de panceta, muito bem cozida, macia e temperada, acompanhado de risoto de limão siciliano. Sobremesa mil folhas, o creme levemente azedinho, perfeito. Atendimento nota 10, garçons, maitre e do Geraldo, uma figura muito simpática. Ainda pedi para conhecer o bar que estava fechado uma vez que era horário de almoço, mas ainda assim me levaram até lá. Ainda pude conhecer todos os espaços do restaurante. A decoração é uma atração a parte: fantástica. Eu amei tudo! E ainda tomei o melhor Bellini do mundo. Vou voltar com toda certeza.",6,,,,,True,2022-10-24,25,647,24,True,monday,october,2022,-306.18845,225.40843
Thiago B,"Uberlândia, MG",36,5,Excelente,Família,"Atendimento excelente, lugar lindo e comida deliciosa. Recomendo a visita, nós fomos na hora do almoço e escolhemos o menu executivo. Foi maravilhoso!!!!!",0,,,,,False,2022-10-13,9,154,13,True,thursday,october,2022,-396.04446,-261.80295
Samir M,"Marabá, PA",43,2,Experiência frustrante,,"Fiz uma reserva e quando cheguei o restaurante ainda estava um pouco vazio, fui bem recepcionado até aquele momento. Pedi sugestão mas o garçom falou ""você que escolhe..."" acabei escolhendo meu prato e o garçom me ofereceu um couvert e eu aceitei e também pedi um drink, tudo estava muito bom e saboroso até aquele momento, um dos garçons retirou o prato e foi embora sem me oferecer se quer uma sobremesa ou um café, nesse momento o salão já estava cheio e já era tarde, então resolvi pedir a conta, pedi para 3 garçons diferentes e nenhum me levou então avistei o maitre e pedi a conta e logo ele me entregou paguei e me levantei, quando me levantei ele perguntou o que eu achei e falei que não gostei pois o atendimento deixava a desejar. Quando já estava na rua o maitre foi atrás de mim para saber o que tinha acontecido eu expliquei que o atendimento estava totalmente confuso eu fui atendido por diversos garçons diferentes e sempre que eu chamava depois que a casa ficou cheia eles não vinham e eu ficava falando sozinho praticamente, pelo padrão que eles querem empregar achei bem fraco o serviço, muito status e pouca organização.",0,3.0,1.0,4.0,,False,2022-09-29,22,1140,29,True,thursday,september,2022,-305.03946,720.0387
Miriam S,"São Paulo, SP",214,5,Excelente em todos os aspectos,Família,"Para mim, o melhor restaurante do Jacquin. A comida é deliciosa tanto no almoço quanto no jantar o que demonstra que a equipe da cozinha é muito bem preparada. Fomos atendidos este final de semana pelo garçom Jairo, educado e super eficiente. Demais funcionários todos muito bons. Como dito em outros comentários não é barato mas o preço está à altura do que oferece. Pratos entre 100,00 e 250,00 reais.",0,,,,,True,2022-09-04,30,403,4,False,sunday,september,2022,-197.45422,-28.666931
Cinthia Santos,"Ipatinga, MG",9,5,EXPERIÊNCIA INCRÍVEL,Casal,"Restaurante LIINDOOO, decoração INCRÍVEL, equipe atenciosa e educada!!
									Experiência gastronômica indescritível e incomparável Erick Jacquin o mago da cozinha o melhor sem dúvidas !
									Um dos melhores restaurantes que já visitei!!
									TRAAAAZ TODOS OS PRÊMIOS DE GASTRONOMIA PRA ESSE HOMEEEM!!!",0,,,,,False,2022-08-20,20,312,20,False,saturday,august,2022,-409.47858,-102.004005
Cintia_Emi,"Resende, RJ",596,5,Restaurante vip com preço top!!,Família,"Quarto restaurante do Jacquin que conheci. Lvtetia tem uma decoração incrível. Pecou pela localização do banheiro, que não fica em área plana... É preciso pegar uma rampa.
									Preparem o bolso: pratos na faixa entre 104 a 200 reais. Com couvert, prato principal e sobremesa, gasta-se um mínimo 400 reais. Os pratos são requintados servidos com cloche. Contudo tive uma surpresa ao receber meu prato principal: a expectativa era receber o salmao juntamente com a massa. Porém, qdo o garçom tirou o cloche havia apenas a posta do salmão. Na hora fiquei frustrada , mas  a massa foi servida em outro prato. Voltarei para saborear outros pratos.",4,,,,,False,2022-08-14,31,646,14,False,sunday,august,2022,203.8667,180.85316
Cid,"São Paulo, SP",872,4,Não é para todos!,Amigos,"Duas coisas me incomodaram no Lvtetia, nenhuma delas relacionada à qualidade da gastronomia. 1a) fui informado pelos funcionários que os toilettes ficam no subsolo onde há um bar, com DJ de 5a a Sábado, o que dificulta o acesso dos clientes com dificuldade de locomoção, como os idosos (no nosso caso havia uma senhora com 92 anos, uma com quase 80. Estávamos em 5 amigos). 2) do bar sai um cheiro muito intenso de cigarro que para pessoas como eu que tenho rinite, incomoda muito e o cheiro sobe para o restaurante; se isso também é um problema para você, reserve uma mesa mais para o fundo do salão, onde sentamos. Mas o objetivo era conhecer o restaurante do Chefe Jackin e saímos muito contentes com a qualidade de tudo: couvert, pratos principais, sobremesas, petit fours do café, drinks e espumante. Além da gentileza e cortesia dos funcionários, sendo que quero destacar o atendimento da Hostess Deise e do garçom Gilson. Preços salgados? Sim, mas credito à desvalorização da moeda brasileira, o Real, pois se convertemos para o Dólar Americano, percebe-se que desfrutamos de alta qualidade gastronômica por uma pechincha. O ambiente é bonito, confortável mas não fomos unânimes em relação à nota dada ao local. Volto, mas prefiro conhecer novos locais antes.",1,,,,,False,2022-08-11,17,1266,11,True,thursday,august,2022,531.69446,774.91693
Daniel G.,"Niterói, RJ",452,5,Aconchegante e saboroso,,"A visita ao restaurante foi muito boa. Chegamos cedo para nossa reserva, e nos sentimos acolhidos desde nossa chegada ao local. Antes de escolhermos os pratos, o garçom nos perguntou se queríamos levantar e conhecer o restaurante ( o que foi uma excelente experiência ). O local é extremamente bonito e a comida é extremamente boa. Um ponto que é bom saber antes de ir ao restaurante é que a porção do prato principal não é generosa, então é recomendável pedir a entrada pelo menos. Porém, os pratos que escolhemos foram um degrau acima do que seria considerado de excelente qualidade e isso faz com que este seja um restaurante a se guardar na memória.",2,4.0,5.0,5.0,,False,2022-08-03,23,653,3,True,wednesday,august,2022,60.984364,200.05473
Lucilene M,"Montes Claros, MG",463,5,Ambiente incrível!!!,Família,"Pratos bem elaborados e deliciosos. O ambiente é bem decorado. No sub solo tem um bar Vaticano incrível. Como tudo em São Paulo, o preço é meio “salgado “ . Mas super vale a pena cada real gasto.",0,,,,,False,2022-07-30,20,195,30,False,saturday,july,2022,32.89067,-257.29782
Fabiano,"Itabira, MG",2986,5,Lugar lindo com atendimento excelente e gastronomia incrível!,Casal,"Comemorando aniversário de casamento, viemos almoçar. A decoração é linda com peças clássicas e toque moderno. Serviço rápido e eficiente. Cardápio e carta de vinhos com boa variedade, preço elevado. Entradas: vieiras com espuma de limão siciliano, simplesmente sublime; escargot com mini risoto, delicioso. Principal foi risoto de vitela, muito bom. O café vem com mini macarons, bem gostosos. De sobremesa, um sorvete de macadâmia muito saboroso. Uma experiência inesquecível! Só me incomoda essa tendência de usar o mesmo modelo de taça para espumantes e vinhos, certamente não dá match.",7,,,,,False,2022-06-15,61,590,15,True,wednesday,june,2022,2580.4148,-78.350975
RodrigoPaiva,"Montes Claros, MG",1396,5,Excelente,,Jóia do Erick Jacquin. Decoração chique. Pessoal bonito. Gostei muito da lasanha.  Vinhos com preços ok. Sobremesa de pistache uma delícia.,0,3.0,5.0,5.0,,False,2022-06-12,9,139,12,False,sunday,june,2022,957.7221,-392.67447
Marcelo Z,,1,1,Serviço trapalhão,,"Frequentadores de outros restaurantes do Jacquin, fomos conhecer o Lvtetia. Levei meu vinho e quando chegamos pedi para abri-lo. Os garçons levaram meu vinho e passado mais de dez minutos, sem nada acontecer, voltei a pedir para que meu vinho fosse servido. Foi uma cena surreal, da nossa mesa tínhamos a visão da adega e o metre com a carta na mão, ficava procurando vinhos nas prateleiras. Passou-se quase meia hora e eu continuava a pedir pelo meu vinho e nada. Finalmente voltaram com um decanter cheio e a garrafa que trouxe vazia. Fiquei possesso. Como posso saber se o vinho do decanter foi o vinho que levei? Qualquer tratoria sabe que o vinho tem que ser aberto na presença do cliente. O garçom alegou que meu vinho era antigo( mentira , já que era um gran reserva 2012) e que teve que tirar a rolha com pinça( também mentira, já que a rolha estava perfeita). Reclamei com o metre que ficou com cara de pastel e não  fez nada e não consegui descobrir o que fizeram com meu vinho! Mesmo assim a rolha foi cobrada. Apesar da comida estar muita boa, tendo um serviço tão medíocre ,não é um lugar para voltar!",0,2.0,1.0,4.0,,True,2022-04-16,17,1114,16,False,saturday,april,2022,-349.0971,697.6977
Rodrigo,"São Paulo, SP",2926,5,Mais uma jóia do Jacquin!,Família,"Recém inaugurado em Dez/2021, este restaurante é mais uma jóia do Erick Jacquin.
									Logo ao chegar nos deparamos com uma entrada imponente e em seu interior uma decoração chique e maravilhosa.
									Resolvemos jantar frutos do mar esta noite, então escolhemos um rosé italiano para harmonizar.
									De entrada, vieiras. Estavam maravilhosas.
									De principal, fomos de Filé de Pargo Grelhado e Camarão à Moda Mediterrânea.
									O pargo estava levemente sem sal, talvez eu tenha sentido isso por ter trocado o acompanhamento, que era risoto de limão siciliano por legumes, em função de dieta.
									Já o camarão estava muito bom!
									De sobremesa fomos de Panacotta Explosão de Manga, que nos chamou a atenção no Instagram do restaurante.
									Um verdadeiro “Manjar dos Deuses”!!!
									Pensei em dar nota 4 por causa do pargo, mas depois da sobremesa resolvi dar nota máxima para este restaurante!
									Espetacular! Tudo ótimo, com uma pequena, muito pequena, ressalva ao pargo.
									Terminamos o jantar com um ótimo café acompanhado de macarrones.
									Noite esplêndida!
									Voltaremos!
									E recomendamos!",10,,,,,False,2022-04-04,25,1166,4,True,monday,april,2022,2569.7183,500.3121
Marilia B,"São Paulo, SP",2,4,Lugar lindo,Amigos,"Fomos jantar em 6 casais! Ficamos encantados, todos gostaram dos pratos, foi pedido de tudo na mesa! Para fazer a reserva o restaurante pedia o depósito antecipado de 100 reais por pessoa e depois descontam da conta. Terminando o jantar descemos para um show ao vivo, amamos!!",0,,,,,True,2022-02-28,11,276,28,True,monday,february,2022,-419.5284,-137.38539
Clau,"São Paulo, SP",108,5,Excelente experiência,Casal,"Restaurante impecável, comida excelente, preços condizentes com a qualidade que  oferece. Atenção excepcional, voltaria 1000 vezes!!!",1,,,,,False,2022-02-26,21,133,26,False,saturday,february,2022,-326.09552,-288.79657
rocmartins7,"Belo Horizonte, MG",1217,4,Italiano com toque francês,Amigos,"Lvtetia é o nome que os romanos davam à Paris. Esse é o novo restaurante de Erick Jacquin, italiano com o toque francês! Decoração retrô com toques de modernidade.",6,,,,,False,2022-01-17,26,163,17,True,monday,january,2022,781.4418,-353.34842
Patynarchi,,50,4,Italiano francês,Família,"Gostamos muito do restaurante, ponto alto para a decoração. Um mix de cores e estilos. Fui comemorar meu aniversário com minha família. Tivemos um contratempo com o garçom esquecendo de anotar o prato de meu Marido, mesmo ele perguntando pro garçom se ele checou se havia tomado nota de todos, pois estávamos em 12 pessoas. Conclusão : chegou o prato de todos, menos de meu marido… os pratos permaneceram cobertos por 15 min, no aguardo deles prepararem as pressas o prato que faltava. Assisto aos programas do Jacquin e vejo o quanto ele cobra que todos os pratos cheguem juntos à mesa, mas pelo jeito,no próprio restaurante isso também acontece. Meu prato deu uma leve esfriada e endureceu um pouco a pasta.. ou seja, minha primeira experiência lá não foi nota 10, muito chato o que rolou, mas quem sabe na próxima teremos mais sorte.",1,,,,,False,2025-06-13,16,836,13,True,friday,june,2025,-323.9642,416.546
Leonara O,"Itapetinga, BA",21,5,LVTETIA RESTAURANTE DO JACQUIN QUE SURPREENDE POSITIVAMENTE,Amigos,"Comida perfeita e preço justo. Fui a este restaurante do Jacquin com certa resistência, pois tive uma experiência horrível no Les Présidents e no Steak Bife. Contudo o LVtetia, me ganhou, com uma comida simples mas saborosa e com uma harmonização que aguça o paladar. Vale a pena ir ao LVtetia, pois tem comida boa, preço justo e Evandro que é um garçom bem humorada e atencioso.",6,,,,,False,2025-04-14,59,379,14,True,monday,april,2025,-391.7754,-35.877228
Adriana H,"Porto Alegre, RS",229,5,Imperdível,Família,"Restaurante italiano do chef Erik Jacquin, pedimos o menu executivo harmonizado. Maravilhoso, pratos com tempero suave e marcante. Sobremesa deliciosa. Atendimento muito bom. Lugar muito bonito.",0,4.0,5.0,5.0,5.0,False,2025-04-07,10,194,7,True,monday,april,2025,-200.33794,-238.3869
cidsaopaulo,"São Paulo, SP",984,5,Boa pedida,Casal,"Fui de executivo e saí muito satisfeito. Porções satisfatórias, comida muito boa. Só o garçom destoou, pouco simpático,  não deu um sorriso sequer o almoço inteiro, mas fora isso atendeu bem.",1,,,,,False,2024-10-27,10,191,27,False,sunday,october,2024,551.6491,-305.77634
glau29,"Campinas, SP",71,3,Comida saborosa mas atendimento demorado,Casal,"Comida saborosa mas o atendimento é bem demorado.
									Pedimos o menu executivo no horário de almoço do sábado.
									A entrada demorou mais de 30 minutos pra chegar. Degustei a beringela. Estava uma delícia!
									Depois da entrada, os pratos levaram mais uns 20 minutos. Muito gostosos também.
									Mas o que incomodou foi a demora.
									No demais, os pratos são bem saborosos e o valor não é tão elevado para um restaurante desse tipo.",0,,,,,False,2024-08-16,40,456,16,True,friday,august,2024,-335.4186,36.392365
